0,NULL,0,0,240,135,説明文テキスト
説明文テキスト
説明文テキスト
説明文テキスト
1,NULL,0,0,240,135,説明文テキスト
説明文テキスト
説明文テキスト
説明文テキスト
2,NULL,0,0,240,135,説明文テキスト
説明文テキスト
説明文テキスト
説明文テキスト
3,NULL,0,0,240,135,説明文テキスト
説明文テキスト
説明文テキスト
説明文テキスト
0,NULL,0,0,240,135,説明文テキスト
説明文テキスト
説明文テキスト
説明文テキスト
1,NULL,0,0,240,135,説明文テキスト
説明文テキスト
説明文テキスト
説明文テキスト
2,NULL,0,0,240,135,説明文テキスト
説明文テキスト
説明文テキスト
説明文テキスト
3,NULL,0,0,240,135,説明文テキスト
説明文テキスト
説明文テキスト
説明文テキスト
0,NULL,0,0,240,135,説明文テキスト
説明文テキスト
説明文テキスト
説明文テキスト
1,NULL,0,0,240,135,説明文テキスト
説明文テキスト
説明文テキスト
説明文テキスト
2,NULL,0,0,240,135,説明文テキスト
説明文テキスト
説明文テキスト
説明文テキスト
3,NULL,0,0,240,135,説明文テキスト
説明文テキスト
説明文テキスト
説明文テキスト
