‚,‚ ,
‚΅,‚Ά,
‚£,‚¤,
‚¥,‚¦,
‚§,‚¨,
‚Α,‚Β,
‚α,‚β,
‚γ,‚δ,
‚ε,‚ζ,
‚μ,‚ν,
ƒ@,ƒA,
ƒB,ƒC,
ƒD,ƒE,
ƒF,ƒG,
ƒH,ƒI,
ƒ•,ƒJ,
ƒ–,ƒP,
ƒb,ƒc,
ƒƒ,ƒ„,
ƒ…,ƒ†,
ƒ‡,ƒ,
ƒ,ƒ,
—,‚¶‚ε,
—D,‚δ‚¤,
’j,‚Ύ‚ρ,
 ,‚¨‚µ,
Τ,‚Ά,
ΐ,‚ ‚ρ,
•w,‚Υ,
”@,‚Ά,
‰½,‚©,
—l,‚³‚ά,
”@,‚Ά,
‰½,‚©,
—l,‚³‚ά,
ηQ,‚Ά‚΄‚θ,
ϊ,‚Ά‚ρ,
‰A,‚Ά‚ρ,
•”,‚Τ,
‰A,‚Ά‚ρ,
–Ρ,‚ΰ‚¤,
βq,‚¦,
‘½,‚½,
‰‡,‚¦‚ρ,
π,‚±‚¤,
‰‡,‚¦‚ρ,
•,‚¶‚ε,
π,‚±‚¤,
Ϋ,‚³‚Ά,
“M,‚Ε‚«,
Q,‚‚Ά,
™,‚¶,
,‚µ‚α,
‰ϋ,‚©‚Ά,
ζ,‚µ‚γ,
”ƒ,‚Ξ‚Ά,
t,‚µ‚γ‚ρ,
‹A,‚©‚¦,
“V,‚Δ‚ρ,
δ,‚¶‚ε‚¤,
α,‚ί,
–Ϊ,‚ί,
­,‚©‚ρ,
Δ,‚©‚ρ,
‹Φ,‚«‚ρ,
η,‚‚ρ,
Λ,‚µ‚α,
ο,‚«,
`,‚―‚Ά,
™,‚¶,
‹C,‚«,
α,‚Ώ‚,
‹T,‚«,
“,‚Ζ‚¤,
‹s,‚¬‚α‚­,
‹¶,‚«‚ε‚¤,
‹,‚«‚ε,
,‚±‚ρ,
“ϋ,‚Ι‚γ‚¤,
‹ί,‚«‚ρ,
e,‚µ‚ρ,
‘,‚»‚¤,
‹ΰ,‚«‚ρ,
‹Κ,‚½‚ά,
‹Ω,‚«‚ρ,
”›,‚Ξ‚­,
•³,‚­‚»,
ρ,‚­‚Ρ,
Ψ,‚«‚θ,
’έ,‚Β‚θ,
•,‚­‚λ,
–Ρ,‚―,
“‚,‚Ζ‚¤,
•,‚±‚­,
l,‚¶‚ρ,
ξ,‚±,
H,‚¶‚«,
π,‚³,
‹S,‚©‚«,
εK,‚Ξ,
εN,‚η,
ο,‚³‚­,
E,‚³‚Β,
O,‚³‚ρ,
‘,‚²‚­,
c,‚΄‚ρ,
Ύ,‚µ‚Β,
©,‚¶,
Τ,‚Ά,
’,‚µ‚¨,
,‚Σ‚«,
‰Ί,‚µ‚½,
“ϋ,‚Ώ‚Ώ,
x,‚µ,
“ί,‚Θ,
,‚µ,
”,‚Ξ‚­,
•Β,‚Φ‚Ά,
Η,‚µ‚ε‚¤,
α,‚µ‚ε‚¤,
,‚µ‚α,
¬,‚µ‚ε‚¤,
•Φ,‚Χ‚ρ,
©,‚µ‚ε‚¤,
•w,‚Σ,
A,‚µ‚ε‚­,
•¨,‚Τ‚Β,
l,‚Ι‚ρ,
Τ,‚°‚ρ,
g,‚µ‚ρ,
\,‚¶‚γ‚¤,
«,‚Ή‚Ά,
΄,‚©‚ρ,
«,‚Ή‚Ά,
π,‚±‚¤,
Έ,‚Ή‚Ά,
_,‚µ‚ρ,
Ω,‚Ά,
ν,‚¶‚ε‚¤,
’x,‚Ώ,
‘Ψ,‚½‚Ά,
”–,‚Ν‚­,
γ,‚¶‚α‚­,
ϋ,‚Ή,
™C,‚ή‚µ,
ζΛ,‚Ή‚ρ,
–―,‚έ‚ρ,
‘O,‚Ί‚ρ,
—§,‚θ‚Β,
‘B,‚Ή‚ρ,
‘ε,‚Ύ‚Ά,
‘½,‚½,
”­,‚Ν‚Β,
‘ά,‚Τ‚­‚λ,
,‚±‚ρ,
’m,‚Ώ,
b,‚¦,
γ,‚¨‚­,
’x,‚¨‚­,
’s,‚Ώ,
Ώ,‚©‚ρ,
“ϋ,‚Ώ,
ρ,‚­‚Ρ,
’r,‚Ώ,
ΐ,‚µ‚ε‚¤,
“ϋ,‚Ώ‚Ώ,
J,‚­‚θ,
‡,‚ ‚Ά,
•π,‚Ω‚¤,
’΄,‚Ώ‚ε‚¤,
’α,‚Δ‚Ά,
”],‚Μ‚¤,
”\,‚Μ‚¤,
α,‚Δ‚ρ,
α’,‚©‚ρ,
“―,‚Η‚¤,
,‚¶,
“Ε,‚Η‚­,
E,‚³‚Β,
“Δ,‚Ζ‚­,
Ύ,‚µ‚Β,
•¨,‚Τ‚Β,
“y,‚Η,
l,‚¶‚ρ,
‹h,‚Η‚ΰ‚θ,
“z,‚Η,
—κ,‚κ‚Ά
—Φ,‚θ‚ρ,
”p,‚Ν‚Ά,
”„,‚Ξ‚Ά,
Ξ,‚µ‚ε‚¤,
F,‚µ‚ε‚­,
—,‚½,
”n,‚Ξ,
­,‚©,
”’,‚Ν‚­,
’s,‚Ώ,
”,‚Ξ‚­,
”j,‚Ν,
•,‚·‚―,
”χ,‚Ρ,
”ό,‚Ρ,
”ρ,‚Π,
l,‚Ι‚ρ,
•n,‚Π‚ρ,
“ϋ,‚Ι‚γ‚¤,
•”,‚Τ,
—,‚η‚­,
•‚,‚Σ,
Q,‚λ‚¤,
•Ο,‚Φ‚ρ,
l,‚¶‚ρ,
‘Τ,‚½‚Ά,
–L,‚Ω‚¤,
‹Ή,‚«‚ε‚¤,
–u,‚Ϊ‚Α,
‹N,‚«,
Ό,‚ά‚Β,
q,‚±,
–{,‚ΰ‚Ζ,
’q,‚Ώ,
’Γ,‚Γ,
•v,‚¨,
Τ,‚ά,
”²,‚Κ‚―,
–ƒ,‚ά,
–ς,‚β‚­,
“e,‚έ‚Β,
O,‚­‚Ώ,
–Φ,‚ΰ‚¤,
Γ,‚±,
Η,‚µ‚ε‚¤,
—U,‚δ‚¤,
‰ϋ,‚©‚Ά,
‰΅,‚ζ‚±,
“ϋ,‚Ώ‚Ώ,
–ι,‚ζ,
”‡,‚Ξ‚Ά,
f,‚η,
’v,‚Ώ,
—°,‚θ‚γ‚¤,
‰»,‚©,
…,‚·‚Ά,
‘f,‚»,
—,‚θ‚ρ,
•a,‚Ρ‚ε‚¤,
V,‚λ‚¤,
Q,‚‚Ά,
ΰΞ,‚ν‚Ά,
εφ,‚Ή‚Β,
